Symbol,baseMean,log2FoldChange,padj
Pvf2,3215.9255154755,3.6036856277576312,0
CG10126,2545.1962012539807,4.21142784855834,0
CG10232,2044.8079932458427,6.857721936417,0
T48,1711.3572934766635,3.703421211355619,0
Tsp42Ea,1609.0742712794133,3.0871173431876766,0
rgn,3066.0784445637496,6.067149781691529,0
Drs,7796.2675529349835,7.6103325917494296,0
CG18557,1811.5458324189183,3.5230280654437154,0
CecA1,2588.924218996639,6.021010610477544,1.0102697604826391e-304
Pvf3,1613.6152912565947,4.955747463042669,1.0441452679230613e-302
Nrg,655.416591948589,3.8491716191024734,4.1629885887074314e-255
CG32521,4186.299158485243,2.875330112688182,7.61073338403153e-248
Tsp42Ed,732.3077238887759,3.1209020848839306,8.394103038360634e-237
Dtg,1340.8414504833552,4.2906705682135655,2.474686080111359e-236
cv-2,1371.9686304564136,2.861104473406033,4.841051156611176e-220
CG46339,3425.3332243965096,2.935125721904306,5.7351727477987966e-220
CG10359,1046.541719195341,7.070522837274883,7.199041206650012e-203
mthl2,934.5796773814395,4.9873316971519275,8.932182361679751e-199
AttD,1131.2794135581426,4.195210127334629,1.7632225940287222e-198
Sulf1,3526.3935407932563,2.3791169747558105,4.84695839035338e-191
Esyt2,680.4164403480652,5.111536649506026,1.52311551417418e-184
KrT95D,7862.317096156632,1.3846192149035288,6.051013305968449e-180
CAH7,1789.382820285268,2.522955784081375,8.234769167481258e-169
edin,1262.8006327710398,5.398493746253554,2.2391399742507864e-164
CG44325,529.8783655818784,3.0818342528963805,2.325036330665719e-163
CG14273,2125.0571191235745,2.2231623951842012,2.77219198414037e-162
Socs36E,2042.7311632717324,1.9057917844958518,1.0813558096735482e-159
Mmp1,383.51490886167926,3.4392675389575484,9.247003033072792e-149
Sp212,591.0969533595635,3.497211518047206,9.658834693084381e-145
CG14567,803.7656907548362,7.360376378791699,8.774094340587067e-142
FER,5024.190870965662,1.6429340252277913,3.0756141672708505e-140
CG9932,2063.569099444674,1.7287517069177472,3.6811753017731887e-138
ItgaPS4,463.85773175940545,3.829288828049117,4.44380429894566e-137
scrib,6481.856361083817,1.6533829793713444,3.698107458123129e-134
CG15097,1166.6350912294174,2.318001958384891,7.855208361938295e-131
CG13117,1478.8267204579427,2.307114981422651,1.0301703892790851e-128
CG4927,465.6475062795238,4.72036380202372,1.0721004636536197e-128
CG42390,1116.5149261921847,1.9765765426023874,9.951977611094293e-126
wun2,336.32249431471,3.514840002294,1.2156357941436774e-121
drongo,3247.247103754313,1.2976359711638699,1.9230987077740382e-119
CG10132,317.95730863825503,4.5217251367929325,3.1097562110414414e-115
pain,534.3254794377327,7.016369856355088,3.1457128720879946e-114
cact,3393.369744362886,1.562508673530729,1.2794654825774208e-108
Tret1-2,530.5918342755397,2.8979857720828988,5.114485222033162e-108
CG8547,550.834587767364,2.501722984739624,1.1279152147688993e-105
rpr,768.7157778439439,2.1633600060688662,1.1837438788686634e-103
Lac,1479.3984883336861,1.6479657198069353,2.1044943381370905e-103
ome,582.6787032897565,2.5728770907253793,5.364132828725343e-103
Nrt,415.1639374542759,2.7878851478583337,1.3579005782665383e-102
lbm,368.30852406293025,2.3428750810075814,2.1728778267408242e-102
Tret1-1,672.3036422447437,2.610659506305339,1.0702449494534684e-101
CG42324,579.8159782377313,2.6883939941200645,2.0276261283935702e-101
Fhos,1256.1437928925882,2.149146984334337,5.645438516071218e-100
CG5895,625.9277405966287,2.0006242647016363,9.63464336115462e-100
bab2,264.9696323649959,3.8525238638186274,8.817125431724079e-96
dally,490.2958968092163,2.921145635411458,4.134602195413922e-95
Kal1,450.154992995024,2.6880802316740846,9.823004481539261e-94
CG13893,716.2965245932639,2.1108214077860095,9.823004481539261e-94
CG30460,217.7751240557572,4.038879525561634,8.191110659152513e-91
spir,574.8907156199443,2.218257278779273,2.825426907905354e-90
CG4793,427.7644002487833,2.924113871518716,7.503562262881692e-88
slgA,1319.407937642569,1.610980138854328,3.070160476915651e-87
CG8306,1581.7370524881078,1.4479557556892426,6.227865983523814e-87
Tep2,2508.8831260829684,2.230942324129367,1.0224065734276176e-86
pirk,1593.4455197828697,1.625098657551972,4.551272920345927e-86
Zasp52,3532.391211614291,1.9025213317106504,7.022270597270983e-86
AttB,835.0250357417048,7.543190466518851,4.9010223215206785e-85
CG7888,577.725144092753,2.6704406158018066,6.449130978436787e-84
Lmpt,1739.691597107668,1.6790264998835573,7.034505356712889e-83
Idgf5,572.3236665329941,1.9561025737072013,7.422353025982715e-81
Abl,9809.281825306996,1.3090256119189851,3.5439313360376465e-80
Ugt50B3,339.6651576669599,2.2784088646284446,6.347265740677959e-80
CG11155,282.4296974121223,3.446656687783078,3.8336244010172455e-79
toc,256.9612692513113,2.82666960855294,4.9503650397079226e-79
CG2841,327.1307021889902,2.732651178329336,9.833993957912567e-79
Myo61F,4967.42242480462,1.283154327902169,2.75864464958552e-76
robo2,2333.40806775053,1.4481042399404502,2.82095870729993e-76
GstE2,1016.3136371154404,2.290952123175088,1.1760449716811645e-75
SP1173,211.38762857971687,3.0785393341563667,1.4984926186076227e-75
PCB,915.3942875509423,2.1626433539257675,8.201602912961453e-72
CG15740,174.92939658080715,4.439925234338387,1.0703768402983879e-70
CG6231,444.6633415024133,2.2977555462707606,1.336274962074886e-70
CG7778,325.7076490311412,7.16301810788631,3.986561169298823e-70
B4,3595.0339065866256,1.1320621663961026,7.765195505985722e-70
ed,236.94581441110748,3.33225054528824,3.339292060932573e-69
CG11378,214.00512404252547,3.3246730710909955,3.635040648706672e-69
rdog,1923.755350950559,1.6181494337334648,7.782480336603456e-69
CG30015,2855.7680166917503,1.0523612816753876,1.036249027314847e-68
rut,1026.4604161140862,1.4445013509276166,1.759133034444721e-67
CecA2,679.0783306153946,6.899382912098505,1.294323930596408e-66
CG6569,203.55972104783913,2.6691566597851204,2.1980015772242926e-64
CG14516,341.1328126371434,2.0710941357530945,2.9891347005090517e-64
Cyp6a20,1594.4509796486475,1.842971026628458,8.602329088448868e-64
CG46313,2306.800293367114,1.5867553215726875,2.0307117815627031e-63
if,258.0138433085235,2.712086476454721,1.095518166409749e-59
bdg,6230.982346670396,1.3155335477561256,3.657048337909321e-59
CG31038,230.0790780021035,2.8953903449351968,3.7827610895501593e-59
CG32512,811.2138017772917,1.9680740699124712,2.374416038517702e-58
LpR2,471.77722453774516,2.1611925793028366,7.259626550875138e-57
DptB,419.25426150293777,5.555804381108833,7.565488842192402e-57
Fur1,3835.1387387815817,1.38509722432731,3.001212639343422e-56
CG14253,2864.335103168484,1.6442250305362227,5.85064725564586e-56
niki,229.49803877770617,2.4524725098260536,1.6034267900983307e-55
CG11638,909.8874805961681,1.4566681778712773,6.872764887432508e-55
Swim,134.65950256373665,3.1304012091339994,3.142917901908626e-54
slow,118.89525882653867,3.2500080440952677,3.7647178234552253e-54
Men,7306.921905550033,1.1242622207755384,1.110197510045019e-53
CG1607,111.31299102946852,4.077619697440679,1.3475656460223144e-53
CG12065,8949.064591143686,1.3300423667670782,3.0189335737227324e-53
Ect3,129.15568351627206,3.2766172296885885,3.5668567164136896e-53
CG31705,3350.0337971171907,1.227371446201927,6.186107719470423e-53
Tig,2672.457767914156,1.523918057922122,8.190360392832693e-53
Thor,578.1055326785316,1.5554840481072054,1.1764310946006836e-52
Timp,197.6218750579408,6.661235394545325,2.3779132898667467e-52
cher,14138.976951183255,1.1498456627792868,6.156108466385658e-52
Mmp2,11955.37814848189,1.1252934870514586,7.617767040726343e-52
Itgbn,1222.2065713927627,2.025726684205541,1.6224066737449687e-51
DAAM,1096.0032843807903,1.4952685213929473,2.3353528358934546e-51
CG5397,123.73776203441494,4.480245009041633,7.452995632478779e-51
CG12991,219.9550926246949,6.83334370967177,3.0942138367494584e-50
CG6006,423.29254090103535,1.8912941645145487,3.98580745472853e-50
GramD1B,2346.9498202791287,1.1639480611348105,7.913202363544776e-50
fon,154.21257033011173,2.6906061162462143,9.404422043274304e-50
C3G,3314.737748038609,1.1433310933923406,9.775963500904026e-50
CG7956,5906.443853225283,1.5964979418759153,1.3247879675445694e-49
fz2,782.6480281768476,1.3389805371035008,1.3968197352826983e-49
cora,15486.094257763634,1.117597428893142,2.099591831784235e-49
fry,4716.5287700443405,1.0226165747834626,2.8769750224219662e-49
stnA,898.4336809879744,1.4730764292672323,4.4014395231373916e-49
stnB,898.4336809879744,1.4730764292672323,4.4014395231373916e-49
Atpalpha,21321.5101402584,1.030841172695727,3.259114367259797e-48
CG34398,407.17993601217046,1.8761444613142915,1.0695701694936893e-47
pyr,107.75731825677391,4.665762564300485,9.376434779713906e-47
CG4607,238.31222259469192,2.0497042996636865,3.5297061292048624e-46
CG13654,1304.938632094338,1.4535948993361385,4.386354401146985e-46
CG17124,139.27917902407816,3.0470641713455366,7.484954763676565e-46
CG12075,250.32518247656822,1.8083295615240778,1.279482220881081e-45
CG34034,181.6402220636634,3.606732344846646,2.968286480260444e-45
Drip,118.30179399104792,5.901637783811986,4.9023639321212395e-45
CG44085,354.26415130337847,1.6917488574223596,1.0789591161042143e-44
olf413,216.1527128628064,2.5918326448339624,2.1024108320108698e-44
AdamTS-A,106.94797056064448,3.063004113735406,3.7647421435434615e-44
Vrp1,2233.621657703961,1.2183163489504094,5.543707382156424e-44
sli,1108.4324147802881,1.3945109392374115,4.232361036472967e-43
foi,5078.489780673786,1.204944984683279,6.483485072330022e-43
Dyrk2,3132.8119708071567,1.3058175293568788,7.857358667606682e-43
NK7.1,310.70111084636045,1.57539933565742,1.4055815089634402e-42
yellow-b,121.1629838834637,4.8337457045119026,2.83878017426871e-42
CG34430,173.2705398695731,2.1597710049580705,2.9261132894756394e-41
sbb,2198.6783182194476,1.0234405858248674,6.856432305840119e-41
gol,220.47705654979782,2.3526493944800464,1.1689936673894711e-40
CG9220,375.8240676517742,1.7061029852174059,2.548438771514534e-40
Pif1A,114.7094103875012,4.287501140429793,1.0048607193414074e-39
Pif1B,113.93474768844209,4.3354349235891005,1.2655036435216733e-39
CG6553,102.57195907768308,3.853564309066127,1.757000376180022e-39
Pdk1,5020.055643592957,1.0557487687445686,4.535541140263487e-39
bwa,856.4003192984695,1.0186783604939837,4.886796199054343e-38
CG2217,185.78147004587913,2.7440676860854687,1.5350039574719044e-37
CG42740,185.78147004587913,2.7440676860854687,1.5350039574719044e-37
dlp,283.00321234667314,1.800556512376708,2.3274286880806677e-37
vari,967.0693045950375,1.0866101578806056,2.5160022870309766e-37
Gadd45,892.6483238166547,1.0769760039376193,3.0087410301408067e-37
ATP8B,875.473942998623,1.5606319944955713,4.467258787706973e-37
CecB,150.65328951465597,4.6899057452974375,6.776383739624717e-37
CG10026,174.58897664641756,2.2638047347769032,7.3962997135758714e-37
upd3,193.80513859181158,2.008019407984417,5.212485709766723e-36
raskol,1078.7248090808243,1.0249921506181356,7.751107008189468e-36
Obp18a,269.1620806125612,1.7425303988288108,1.0014454805265798e-35
drpr,422.53253105569996,1.2004796534760946,1.1197601141185078e-35
Sep4,84.66734093856894,3.612604632173133,4.5661423208800444e-35
Mtk,200.62466409410658,6.233849826824452,7.218080580158826e-35
CG5758,144.99691853656617,2.9740190584727153,8.448753431561894e-35
CG32170,129.14845351855195,2.5966056315184867,9.83027300132221e-35
tx,96.7879000911147,6.271459862257766,2.2199198562773357e-34
GlyP,634.0159498167183,1.4968354866555333,2.3821730635182476e-34
CG4752,168.25274174670267,2.125328147634969,3.281625929109946e-34
Cht10,1422.5866781585758,1.5350938344518723,6.823318730298806e-34
insc,95.1257126050932,2.5001611222848728,8.775612268393932e-34
IP3K1,1150.203646179783,1.3508595121706253,2.253183319413591e-33
Gbs-76A,163.95746748056445,2.3491514290096713,4.468117425973125e-33
Pu,95.02305758577354,3.5892419677514527,9.376580977121172e-33
AttA,310.6737803205247,7.306460831469807,1.6666423747498866e-32
PPO1,83.85166675296094,5.605841626595149,1.7051819391769732e-32
Ih,270.27537107597186,1.4567654566439487,2.2021939580937994e-32
CG34417,2048.3871794414836,1.0664631497960848,2.4961307209444883e-32
CG30377,80.04142682068805,4.3587315543944625,3.541589072539134e-32
CG31324,2738.397343175921,1.1470151406575597,9.497259517889482e-32
LamC,187.29434864816156,1.9033986707678634,3.5508811733316235e-31
rdgB,194.27058879574892,1.6638411442781036,2.5977600418453044e-30
CG13917,1030.0088841381496,1.1558751569286945,3.1133160277832933e-30
CG3831,507.29901294841585,1.0620584073676025,6.661734458520067e-30
Fatp3,87.00609281833432,3.2870286648643767,1.1209349060552699e-29
shot,7843.5686772517165,1.3483949549861938,1.8576921523025873e-29
Fas3,77.61114056441986,4.733950920918012,1.8737150660101893e-29
bbg,93.0186437726817,2.7268810862925514,4.380990033103129e-29
CG31219,76.05090735425689,4.104207950357908,5.501363919346445e-29
Gbp2,102.42048072005389,2.350208753441171,2.081657404206139e-28
babos,167.80358323483702,1.9461944630142363,2.1068122229892704e-28
CG10011,1570.33798097148,1.2603228051218929,2.1830436514131807e-28
CG1544,103.92049829485111,2.8676865384819905,2.4920337780402113e-28
CG43175,858.47716041327,1.2418596634738792,4.1841710099161675e-28
jef,126.00926639284357,2.731766028570033,5.670490810673603e-28
mfas,124.4802484633341,2.0600859696284353,1.3717088537027705e-27
gas,823.1950274719222,1.290301089181579,1.6313852946673014e-27
Strn-Mlck,467.60687255026863,1.224788402245299,1.9572879988804375e-27
CG9312,127.2824098423275,2.240048449872962,1.9604934875232015e-27
mthl4,1449.045461392112,1.0966260622940947,3.796303625790503e-27
CG9717,83.90396717155647,3.382335483391407,3.939363814529759e-27
Nna1,77.55626281707283,2.7957687885263853,4.867841132034598e-27
Adgf-A,2817.402014040342,1.0544047061058683,1.2448166982606408e-26
Cyp6a9,76.42048110417115,2.8800635399256533,4.8723311013191735e-26
Ac13E,111.2585396248074,2.166671665464709,1.344756813672122e-25
Eip93F,158.43568477506275,1.6744194325069153,1.3750919666595338e-25
CG7497,60.76913347685044,5.500542129598648,3.402701582899323e-25
Gli,82.38501657535272,2.411368967607573,3.5193372637395275e-25
CG34347,55.70930957583194,3.880933937047362,3.6034617571593906e-25
ClC-a,60.60075211398648,3.281547501810467,3.6693410089205663e-25
sick,376.78763861835125,1.2609232962213235,4.425410058626506e-25
IntS12,996.7760320373035,1.9736052659773498,1.0893087997856369e-24
Gs2,119.44183168536246,2.056869050259033,1.4229976439970992e-24
CG43110,65.47313252235934,3.3043163825643687,1.904615081770483e-24
CG4629,58.83967947897384,3.6643243493545055,2.6965113872814418e-24
btsz,52.92076035857676,5.160841786546093,2.917890116313034e-24
Lip4,59.29154610374434,3.2343999777061487,4.317680439297703e-24
CG18249,169.96172278904666,1.5210751168533747,5.489110521338873e-24
GstE10,371.6181159626268,1.2453799129848728,9.781476728966077e-24
CG6959,55.87607630823106,4.714640498931431,1.2827983433554349e-23
meso18E,54.21186189758794,3.244599910780188,3.0754928437121315e-23
CG18473,47.33837874952864,3.4390357447181175,5.334941173934216e-23
PGRP-SA,986.465653431793,1.2397575972365835,8.646725578874523e-23
Dg,6968.656702409211,1.028900322260105,9.013751214609857e-23
axo,802.952063917183,1.2626109759642998,1.8631064881113193e-22
CG33225,80.57836703999203,6.100330520175969,2.37651843654893e-22
Tpi,627.563411796418,1.5413275064245227,2.468340297852444e-22
Spn77Ba,217.2659609107529,1.527125456622022,2.895764378040243e-22
Cad96Ca,87.20930568182382,2.23702819605934,3.300432533686832e-22
CG9631,104.19854407221375,1.940337366291828,3.7526438538201254e-22
CG42268,80.01076885236405,2.4030120212329984,5.895034496988641e-22
ebd2,86.03301269991348,2.0267985836741738,8.777824310411367e-22
bnl,887.628127991417,1.0256902684545135,1.0380195177225985e-21
Mrp4,3665.623581316511,1.0175324462017301,2.6429379110250816e-21
nkd,87.33359891493453,2.9563784286618064,3.1543273273871627e-21
CG14227,59.97086903546026,3.467590565821826,3.2031492599438084e-21
CG43340,294.52725567680596,1.0620325220033486,3.43332906018117e-21
Ugt302C1,701.9061138180402,1.1898451455836598,6.20299070988047e-21
FucTA,94.28176356088836,2.0597721321806577,7.481677124447836e-21
CG5111,235.97601130345484,1.3314842590135765,1.2594036181003635e-20
GstD5,127.89540243334172,1.7424914466733485,1.2617853718427655e-20
CG10433,219.78732400835656,1.3846656089130758,1.3737318321184637e-20
CG1494,53.61472890681807,2.994084227546194,1.4371502550512286e-20
CG15347,173.28938333904887,1.3743707102020204,2.1100374793224063e-20
CG5381,324.9924183001584,1.466477137110547,2.5337298644222368e-20
SclA,99.47423649208172,2.306343692566095,2.853127473575738e-20
SclB,99.98811958081598,2.3100355851489742,3.1343334310729584e-20
SKIP,50.790253275888496,3.0418040654291545,4.1157412545405685e-20
Myo28B1,50.375889168421935,2.9140729217228767,4.361610038263583e-20
ham,39.368339758933914,3.767030112285824,4.611976751894411e-20
Picot,42.02894528528971,4.1691906448105645,1.0716361144231216e-19
Mdr49,55.369118493454536,2.8736498922035225,2.482252448035114e-19
hebe,57.9179426139053,2.334742083629188,3.5273277628857286e-19
CG8564,123.14346417248461,1.5275304123749114,4.196879589578232e-19
CG42327,92.38146981055033,1.8723728659808645,5.914251910326558e-19
Fas2,70.31495403497959,2.471426239241578,8.021980637065219e-19
CG3036,222.4980939080929,1.3388819382523482,5.1615813288625555e-18
CG13907,277.12375579018936,1.0423927243521314,6.285131137717588e-18
CG42300,81.18606702259441,2.0667694442819746,1.187298466247982e-17
ringer,46.40395020807308,2.8222683420719243,1.524921657761618e-17
PGRP-LB,88.84760181899468,3.3344232738447364,1.6051113082388615e-17
GILT2,47.522393171904724,4.4196074627295765,1.6335876112311328e-17
St3,46.88917222265131,2.8200243883133926,2.7101730261430503e-17
alphaTub85E,31.62247818835067,4.506915517651372,2.767002279089925e-17
Ance,39.561883240986866,4.262221767624699,5.1132658629018905e-17
Gyg,273.83023603758477,1.2895192222406928,1.2904857895993147e-16
SoYb,129.09417832134793,1.4901029376409625,1.3148008453204845e-16
Pgant2,75.49510349364559,2.0002976671871813,1.4267970504050735e-16
stet,54.94703939301971,2.4935222829271715,2.1409036071289538e-16
CG10663,46.690766438559315,4.123084821442884,5.579057916255158e-16
olf186-M,46.927059871555244,2.6570560062280264,5.79009890254115e-16
RapGAP1,278.81045094777346,1.1713394518314482,1.0408786793902572e-15
Gyc89Db,75.04507377165041,1.851069823050651,1.976520243112188e-15
bowl,46.56308887948217,2.2843074017540577,2.3718571300331716e-15
CG9416,122.66678629196954,1.6658965339990146,2.3742946011172946e-15
CG10764,216.5899441043963,1.3553565027492018,2.758008163421016e-15
Stacl,48.46402404904548,3.714211390490373,2.812544284783997e-15
CG32812,100.43828809071931,1.4790602509434279,3.0216941233132454e-15
CG14629,7093.12488897766,1.127731246035637,8.863937288007204e-15
nau,47.335403268678334,6.001396244587012,1.529540501714805e-14
CG13506,37.562456092421456,3.049471377014652,2.2121259105029384e-14
CG4259,119.09808115361494,2.0079649991942232,3.0783596137474946e-14
Ac78C,81.88343518565422,1.8818575034553864,3.754048665018001e-14
Cyp4p3,27.87645038164563,3.894118774223301,4.003683014747498e-14
Tsp42El,40.518880981955526,2.6586779445172,5.014110694139379e-14
hemo,142.204893938792,1.2682142222779675,5.1737002785504964e-14
CG43210,142.204893938792,1.2682142222779675,5.1737002785504964e-14
CG1648,28.92645206793166,3.668873015105742,7.809817288000355e-14
l(2)01289,75.08100222549074,1.648318758701697,9.787509660642072e-14
CG7142,157.2707199237853,1.2902440020393084,1.0482485834582306e-13
CG43658,66.98149798154894,1.7773113556682365,1.1625328177175117e-13
CG17549,38.53080620633708,2.488388861076107,1.3609754082019046e-13
CG33080,51.770884591385325,1.9891011012437358,1.4727266077554777e-13
MFS3,140.15480300752174,1.8133864490151999,2.049945710020562e-13
CG17739,30.01044645249493,3.628463169495574,2.1265067234670294e-13
CG11147,35.887906246268365,5.186978538195605,2.5891219146289413e-13
CG16710,47.09592054515483,2.1536882711271907,3.0626186267604075e-13
CG43236,88.66583796916501,3.939257410679425,3.087758196632158e-13
CG32814,166.91718528755007,1.4080725800708542,4.199146923564481e-13
CG5639,164.63599427705333,1.258110045189359,4.842822317524047e-13
CG9733,115.24634751873074,8.970335846370595,4.949860089274655e-13
Ace,33.8478434720247,2.7344765992783997,5.67297022135999e-13
Lfg,117.30658363778335,1.2071552582663132,7.649201625599804e-13
CG43102,41.78518023130727,2.199653734872435,7.90850212265712e-13
CG18754,26.413832623441554,4.293486371068028,1.0876605409698911e-12
NT5E-2,45.275620088163755,3.26830237598819,1.3828433755861442e-12
sls,46.950254963580115,1.9726531212042409,1.5632213778394643e-12
PGRP-SD,246.87101325134637,1.1971681250653958,1.7495309692506148e-12
grass,325.9899975698943,1.0380944568493329,1.7841887570191723e-12
CG42342,56.00380393773178,1.8961506275404414,1.942270098193581e-12
CG14556,34.66829184332171,2.9412669782593728,2.3744969446520523e-12
CG15611,155.52364893189616,1.365381714543689,3.778162270047812e-12
CG30440,49.43684918806429,2.348188398963033,4.886618124538152e-12
Npc2b,189.14932718105158,1.0660285351257308,5.262254462037742e-12
CG9452,24.19088574867052,4.111057067766819,5.543974412875382e-12
crb,129.14128360240161,1.096547778183064,6.119699141642159e-12
beat-IIIc,70.492642393247,8.577728532327576,7.599489941462097e-12
Dro,44.47769518637096,4.907964256357916,1.2019365705807559e-11
RhoGAP1A,33.20666182219726,2.9920868113803647,1.7953494552884682e-11
CG3117,28.994078345217776,4.8975015508453765,1.9343202968410482e-11
chrb,502.60246532946695,1.0274090583021107,2.7138037796314856e-11
CG7860,33.009909277141475,2.715981999005512,3.1662477100267227e-11
Toll-7,37.05098947120344,2.1804104833707103,3.910036520514317e-11
kon,29.490621568377087,2.8373619157992893,4.562990836335757e-11
Ekar,91.77121564011179,1.4204113052759313,6.085226257777674e-11
CG34325,22.44092493222725,3.001599079090728,6.326611689202357e-11
CG32373,46.20540457539633,3.0911180005963548,6.333446289138921e-11
axed,41.89785799816157,2.0686624953289403,6.736463243248769e-11
CG32091,36.36713229530808,2.417138918564848,7.825559868641922e-11
Mp,20.48477584621914,3.7911482669961365,8.169136030995222e-11
CG17646,42.63416875361251,2.0295306394408135,8.216849945530499e-11
CG4562,29.489009742922804,2.9451687936982744,8.571576450429314e-11
CG31326,20.57267784923694,3.28186087478989,1.1621174293560304e-10
phu,55.29826750387486,1.8550720301328079,1.5049357656710594e-10
bt,25.188962061421375,2.73142922014924,1.7295936381810405e-10
yellow-f2,82.95591169332208,1.4010605312378177,2.1594618254725579e-10
Agpat2,103.2914766982152,1.1487761721842094,3.525198913480162e-10
Sk1,54.32282453920725,1.5228836789400446,4.830330030867406e-10
Spn42De,75.93440496278802,1.4236385067031385,5.353624498860083e-10
CG8501,36.19432987998392,2.0635564229541723,5.519436269331764e-10
kmr,29.286061767787913,2.5755933864585754,5.962207230056766e-10
CG4009,92.79721262766924,1.2712296772610157,6.744685835323652e-10
CG9737,16.51975024584126,4.048371566462756,8.400125728355305e-10
CG34431,21.85802404211271,3.9420513717346815,9.009716525010822e-10
CG15890,33.89911997073312,2.278208535271969,1.029632410596812e-9
St1,52.4973400733781,1.7699893434434841,1.1059087120252396e-9
CG34355,66.44433265583709,1.4453377016332016,1.6319754953681422e-9
CG14879,189.00248239124497,1.0697595911603073,1.8175895565516458e-9
rk,27.241782791141294,6.640860211479405,2.0601137105784884e-9
He,32.55652073610413,2.0477391966702974,2.124445420066563e-9
CG5157,76.19603079013923,1.3715858173311188,2.266946987491186e-9
Kah,47.25856584987708,1.61275983997895,2.8876167108363566e-9
CG14933,23.389228621965362,5.4974046662565,3.050066023442095e-9
CecC,104.42502203263615,1.5399551157172955,3.0762040096108356e-9
CAH2,24.049621918978545,4.064169788798155,3.1360369047149168e-9
LpR1,27.87676275383769,2.4242317942232545,3.765399019961367e-9
CG42486,23.100618310372354,5.4602599605979565,3.852784848663031e-9
NetB,37.59989804293329,2.0475079947300627,4.419274873696862e-9
CG13116,19.081661435946362,3.6087535739245755,4.430050019939292e-9
Pp1-13C,21.209188921304662,3.180291184089136,4.576053876974886e-9
e,21.84888149427555,5.407723059478669,4.620589769221854e-9
ppk17,27.53644551942122,2.487204446072405,6.583219702281719e-9
Cyp9h1,24.778370189112323,2.559042058973823,7.003295614433482e-9
zormin,56.17087038510512,1.456710409640182,7.162562892688783e-9
E23,42.72718889880632,1.831812499993522,7.661019220030704e-9
CG4250,25.217998016827757,2.4441618790102133,8.529833518147731e-9
corto,15.272795908091092,3.655104061534788,9.164352618722054e-9
CG13252,60.70272296149893,1.3956634968345458,1.0466000994943663e-8
CG9098,18.237497540986634,5.367751681847407,1.1032274670326776e-8
CG17029,57.629903978359565,1.5219667180811,1.1802321787001937e-8
CG46426,20.387982632185338,5.3051413094956175,1.2494144764605004e-8
CG5065,29.524539254867264,2.6020392352024593,1.4033887897227771e-8
CG4928,38.70199412695053,2.330534420272415,2.367048028438265e-8
CG18558,17.768181491575863,3.2832471670816963,2.4558449428377508e-8
elB,18.646775687370184,4.665823976286675,2.5097966839935026e-8
Grip,40.60752662872136,1.7978456664218567,2.659144305803235e-8
CG9691,23.707212558109514,5.301729915105536,3.402012671275476e-8
CG11362,44.36812777301464,1.724240988320068,5.449531172567821e-8
CG43446,16.81237923184177,2.814371262809462,5.628388371876091e-8
Gdap1,16.40731796124367,5.173243720124477,5.651376439886059e-8
CG4404,28.824140884165892,1.9719376533314201,6.250365179569501e-8
CG8086,18.7629555716961,2.4198900762241085,7.26176844977972e-8
lz,20.769586094593688,6.95437553915828,7.308159991853965e-8
CG4733,66.32386138731502,1.2980654855540836,8.209111676109309e-8
Sclp,16.550135121912582,4.0289585156117855,1.0584413679090068e-7
Cralbp,22.394602311052143,2.186569436278974,1.0764717418789174e-7
atilla,16.20833002547922,6.859923995889083,1.202875198733169e-7
CG45263,16.301249723387684,2.900120322622017,1.2554253580242172e-7
CG17350,16.347430705605134,4.395198242516293,1.559503628436027e-7
Tsp42Eo,18.442708335073593,5.920488431284776,1.8384668078647848e-7
CG6044,16.888069363970125,3.691593877872037,1.984421623822854e-7
CG15279,76.4549444398972,1.063711536348601,2.3926381016706856e-7
CBP,22.397161886469792,2.654371605206769,2.8921961050204215e-7
CG3927,15.463253549184154,3.297179896292678,3.0532163707767863e-7
bab1,44.01754735099736,1.4923859705753264,3.12396250214768e-7
shf,32.35492454939776,2.005944258709993,3.505299028573689e-7
CG4678,8.333170142583112,6.81249129936941,4.0951018648976086e-7
CG4757,16.88684369048325,6.571081404750255,4.347126807840912e-7
AdoR,28.61560545671372,2.7730250727660315,4.401403658976763e-7
PGRP-SC2,15.769233278915424,6.666030974854782,4.991040160000785e-7
CG13982,15.059512622166181,3.849887351825268,5.740914998384526e-7
Nost,30.54177606225459,1.886674192499531,5.740914998384526e-7
frm,15.894559177834433,2.6594407232039474,8.150278746210094e-7
CG12446,13.578310339930653,2.9960929118991055,8.550816049008306e-7
Pde1c,14.75680420200645,3.3202799621066412,8.759867223669886e-7
CG11275,25.26303808194073,1.929202299403602,1.13484187631046e-6
brp,15.269596964185682,2.701523387388082,1.5042772568054826e-6
Hr4,26.97831575448182,1.8218909358952262,1.5972150201340891e-6
Elal,21.467409456375247,1.9989555887400836,1.7272425462958622e-6
sev,77.4348687454934,1.0285374200267705,1.7478467070813683e-6
CG42299,32.45818080515878,1.6255583126468072,2.150238438661145e-6
CG6040,20.421987143749156,2.2374014116033485,2.402117395235424e-6
CG10062,17.967465159812843,2.293056408117954,2.4443615403231474e-6
Hr3,25.53203655562354,1.8320970483465373,2.4755140280603146e-6
Tsp2A,30.12568892466179,1.7187608922002,2.6573406185375005e-6
sog,15.905563444981501,2.5170474278122166,2.7069098808940243e-6
CG46321,25.336404481930835,1.8222747588384116,2.81633098089719e-6
RluA-1,20.320097965651975,3.148300770070731,3.013718311817217e-6
X11Lbeta,24.469874099977286,1.9601707051629376,3.256380833171187e-6
CG4269,24.104993569941858,1.9928634211805163,3.6557934017802024e-6
RhoGAP100F,52.94276515479856,1.1436599540372783,3.721332260434167e-6
CG43078,15.354880623612718,2.8510838600549326,3.7416699309983893e-6
shakB,21.693127796255546,2.21730830550979,4.257571746216014e-6
bi,21.553997326749393,4.359167991564709,4.621864877385904e-6
Eaat1,16.29859650446403,2.261160633953048,7.6496965976097e-6
CG14762,8.806558620796853,6.015124617544547,8.460962143371372e-6
CG33970,27.765886732877266,1.5159485345171524,8.460962143371372e-6
CG13458,14.763759428900622,4.33863582846715,8.55089289295149e-6
hh,9.038282108194077,6.016406109257754,8.721286503155352e-6
CG4842,11.032734562403286,3.341428385562933,9.901149836147635e-6
slo,12.547223167514906,5.085291148120267,1.1594454568400622e-5
CG14572,7.149214354288417,6.1896587116595665,1.2038645741281358e-5
Nrx-1,62.01867819256201,1.1404952294200283,1.2040937457226743e-5
CG42673,13.50077124416013,2.7426592538180783,1.2181958482385605e-5
CG14218,25.75305206842327,2.5546319731568095,1.2297745932851402e-5
upd2,40.31344000341309,1.2967728632858877,1.2381155827044133e-5
bark,15.313443682539562,2.1600575267913245,1.3074711430017577e-5
CG32681,56.375965469714416,1.1316842622411138,1.3793360814414389e-5
CG5849,14.25546438102475,2.844330951724257,1.4315238738434198e-5
zye,44.011830890704864,1.2108569611111144,1.467080794430789e-5
CG10947,8.33107726687396,5.826937202493262,1.8423194500197347e-5
Tsp42Ej,21.110501184423274,2.0204510354033216,1.9907941647686256e-05
Ldh,766.7513319565843,1.3473962499104322,2.0914462638271178e-5
Tsf1,10.711435017537905,3.08508438497148,2.169471816720734e-5
CG3348,43.940072074008704,1.2901752675202365,2.1710045050453586e-5
Mics1,51.185463253583755,1.2895968759551124,2.1761839686820103e-5
noc,10.945598226632294,4.293822348577214,2.2005243645812517e-5
Duox,11.319087282019238,2.6619849668768945,2.3968488863328523e-5
CG13077,21.637449799259418,4.836235993968322,2.5423188787733293e-5
qtc,18.985213566444525,1.950903274637381,3.228337329713819e-5
Rph,36.239114783421556,1.4411749078986391,3.3487515304329975e-5
dpr3,45.75845594865572,1.1884902185468473,3.390300883712611e-5
CG31778,14.196115490450577,2.1465555640445224,3.459801272014603e-5
alpha-Est8,19.11734136631864,2.1735797173824656,3.653242025379905e-5
Sox15,9.464039231051553,2.983721977586315,3.912788716029641e-5
Shrm,28.38561736429642,1.7582480654236043,3.975548333910081e-5
AANATL2,8.880204985043429,4.066314875947074,5.09656446165235e-5
dpr17,7.234662678883607,5.487876090303827,5.419761104148114e-5
CG13315,29.211222879341623,1.5956714573629116,5.419761104148114e-5
CG13482,15.01063071885084,2.6478052715830893,5.478289591673833e-5
Ugt36E1,12.467865284807292,2.4243769549520544,6.067403592476921e-5
b6,9.874949660112094,2.9731321128117942,6.575137528519071e-5
Calx,12.004427521425097,2.2572641985165642,6.576484884643394e-5
Dhc98D,33.37664579025335,1.2414214620207256,6.652440402773415e-5
fok,137.35960079964386,1.2725242310350657,6.6733986504888e-5
CG14628,48.76585845100466,1.0572309546441019,7.225084011136855e-5
CG3999,8.710933296272712,3.086051551292812,7.280281192071142e-5
CG7573,12.920881601451606,2.6842749067210208,7.8425132718165e-5
AttC,7.48679914733883,5.565027551045232,8.044217702714144e-5
Traf-like,26.26747472922925,1.3886388285100786,9.85627267606335e-5
CG40485,7.654834748623654,3.6088968545023112,1.0737948840082569e-4
CG43348,3.989336844061086,5.606773634365976,1.1108642669874073e-4
l(2)efl,18.770920779761244,1.7563482168973175,1.1220748533272962e-4
CG3277,14.175397206673665,2.2305649826271683,1.1860962339584704e-4
Fie,81.16830743525625,1.0107060589574666,1.2055622906847974e-4
fa2h,17.736344415233553,1.7052782957784585,1.4257069782860438e-4
CG5909,4.503577599335909,5.500165552804042,1.4706299176997866e-4
CG6753,5.484426279194487,5.334526069537125,1.4847923224140338e-4
Inx3,32.5776674758842,1.3122955905371356,1.4847923224140338e-4
CG33099,17.309994844983464,1.9481544145999385,1.7296763495510133e-4
Nckx30C,16.07977410435649,1.9911680713762603,1.729756914299543e-4
CG9649,5.2410848838020305,5.297021601632899,1.7308801023827516e-4
CG45072,3.8793366783834458,5.516526752885465,2.033989139701641e-4
CG8519,13.638907455717483,4.402905914125037,2.158326608347999e-4
Cyp6a21,10.350705409814616,2.8499424815480716,2.2448771604684255e-4
drd,8.146709980816873,3.4664005586341795,2.2544169427924314e-4
CG32181,6.162675685442934,5.12600162339199,2.3417356637557866e-4
CG43968,24.2008863509833,1.3942810929112481,2.4325221944759918e-4
Nep4,5.449147404710392,5.164729534519393,2.566915235779511e-4
CG12912,14.86617852820827,1.8452780056678904,2.6195069943887693e-4
lectin-28C,33.94945798270033,1.3509369543921874,2.8273797352299586e-4
CG32811,22.417758667623083,1.8074205419644263,3.038835417951335e-4
CG32026,5.862700215309639,5.054882786870888,3.1557851703448717e-4
CG42556,10.854859307990615,2.213137329220336,3.314496837809569e-4
Tsp42Eb,4.04719405251966,5.191929160089844,3.340869742307281e-4
eIF3f2,11.926787202481448,2.1673217577321244,3.597975868575253e-4
Spn31A,33.37985819914259,1.2321439510716443,3.6721290399273967e-4
B9d1,3.817982775318141,5.399193705323215,3.7048844807391335e-4
bdl,9.34108404534809,2.5170830758797216,3.870928690840749e-4
BG642312,28.4496472411657,1.3528526517979071,4.583112964790907e-4
CG11425,2.8619951544543927,5.3716027733355585,4.892448393034261e-4
CG42402,16.118751072870165,2.2267114849743352,4.977903252350285e-4
CG34033,9.81751391208943,2.6890921800329326,5.447848849173541e-4
shd,10.433298688918981,2.0388877096089053,5.565885975109738e-4
b,7.539635262015511,2.9734659866358917,5.599292026477754e-4
Jheh3,27.118157528768876,1.54239034478302,5.663361763099283e-4
Adhr,9.864735687792296,2.9358691573140865,5.671114162389426e-4
Adh,9.864735687792296,2.9358691573140865,5.671114162389426e-4
CngB,20.59625731053204,1.4453393950610554,5.702793752907777e-4
CG13928,17.01079847936002,2.099297944695329,5.857631088248003e-4
Rab3-GEF,18.39344047091483,1.4742589529083476,5.900129555558246e-4
Egfr,7.83566215158822,2.5795439189142058,6.005903270396139e-4
CG10307,3.581155837716325,5.0866293496141965,6.498189874402325e-4
CG4995,9.576216932186082,2.1758962554541945,6.642495335010345e-4
kek4,6.723473297415165,4.2284539320404555,6.642495335010345e-4
Tdc1,6.127574693352013,5.0295351764041305,6.974585317412797e-4
Fs,9.68268423118345,2.2215139707160176,7.144293767866153e-4
CG31191,11.924921188289211,1.9213110769093054,7.48660273963e-4
CG12992,6.621074398761944,4.11061276651049,9.405396326570858e-4
CG43349,3.042065969002433,5.007463481345494,0.0010606880314523435
CG15385,32.1474541341849,1.0500749255755777,0.001122181530439218
Cyp6a8,7.245612652055943,2.673468807262819,0.0011598909749734195
CG43897,12.108708794277566,1.920237018234462,0.0011836010220658477
Cyp4p1,13.297495634782276,1.5939324833348358,0.001186685925610466
CG1208,9.037519821464567,2.7039811667883775,0.0012353697098118719
CG31199,3.051618542222123,4.85460523007233,0.0012718634912120969
Glut1,16.162226162619568,1.6688810433584471,0.0012839049930354611
CG7763,10.349480901974648,2.339011954885945,0.0013119280799424801
CG18622,16.577239406549054,1.5668916324697522,0.0013186093674388026
CG14984,11.144355848169367,1.8729937635423461,0.0013630455906123368
CG4267,23.10622408622756,1.3308412918591406,0.001440780407492085
nrm,23.825945881435135,1.3660941868446665,0.001497569160327982
Wnt6,2.622129822796703,4.884085058457348,0.0015168464687488562
blot,31.61918319994169,1.1522379497412207,0.0016827881216876816
Sr-CIV,8.273099431242539,3.3400421785479923,0.0017701841458380618
CG30160,2.845357250178951,4.961518105334728,0.0017917128140102741
CG44008,11.105391508299805,1.7592494023736818,0.0019129741810586245
CG15046,6.520640594907,2.7572785294182998,0.0019340497773467067
CG43291,15.974326118975151,1.6497696189364537,0.0020533828079466695
spirit,4.680169808577547,4.471021270931443,0.002090183840345595
Cyp4s3,6.289486775038182,2.8137927667228135,0.0020968507782450773
DptA,8.481259515593244,2.900915290407664,0.0022728621034059735
CG10264,28.9514216610697,1.0916640542699472,0.0023521876882291242
Acox57D-d,27.639299266849562,1.183216269838292,0.002446208717720567
Had2,13.451847416055854,3.731704868294397,0.0025278533442166626
CG32436,27.62786044829708,1.0390172597902996,0.0025513902419149557
MFS12,32.71288312644435,1.041119118394693,0.002767433329430157
RyR,10.142295389743962,1.8773634302948616,0.002854341314696683
CG7768,12.344160765199,1.55105084061486,0.0028562354246547917
CG14153,4.242405039629802,4.348178442062944,0.0031850845654960527
CG6142,14.426738467404341,1.451528263472468,0.0034064436408490864
CG43074,13.095456190201379,1.5689584492843058,0.003680116542561687
CG12502,6.214230222820604,2.816152325347057,0.0038424645590584973
Cyp6w1,6.509973002396193,3.12463356655481,0.0039526636714474
CG9338,31.234806027020035,1.1731870181903405,0.004011975810588782
CG32192,5.569296063955519,3.2012647078940644,0.004108686410543499
CG16758,34.81600067463235,1.0978656079852673,0.004200830254434552
Hasp,30.18020648714309,1.0335320363034346,0.004423049303345141
Jabba,6.352375373750126,2.576605041214591,0.004423049303345141
CG43149,7.552752357423473,2.426580749502927,0.004423049303345141
CG44245,18.231229591219908,1.3227295074295053,0.0044350937342298
CG31029,4.279876212270411,3.2132028208663574,0.0044484845141035826
Gr94a,27.56118284772458,1.0175653103391475,0.004673472958156267
CCAP-R,3.813178937105799,4.257532696491691,0.004719216987855489
CG6347,8.868824723629224,2.23646843499405,0.004857950990885755
fng,19.531235650655375,1.261955670264104,0.005057811715034334
CG31807,5.01390117257366,2.841877911903655,0.005057811715034334
CG4797,6.325055953979844,3.0529336096469413,0.005057811715034334
CG13921,13.22750879362369,1.4328425486325793,0.0051935748293984035
CG2898,23.975724400332542,1.0938599687008161,0.00535608709670035
Gagr,2.4914414793610553,4.503481792716303,0.005444969674102559
tal-1A,4.8633398540832635,4.039881603680317,0.005724285539525234
tal-2A,4.8633398540832635,4.039881603680317,0.005724285539525234
tal-3A,4.8633398540832635,4.039881603680317,0.005724285539525234
tal-AA,4.8633398540832635,4.039881603680317,0.005724285539525234
Ten-a,6.220537929803314,2.6021687896541468,0.005883604453615112
CAH1,4.4130322995138265,3.669305632586051,0.005916699698349121
dpr9,2.2008986259474845,4.411475920814412,0.006112271525801478
Tsp42Ec,5.906256570538256,2.6195303745248153,0.006120843277560797
CG14837,7.5516280240293545,3.5262957446403456,0.006154922494682474
CG43366,5.3230940706618215,2.5528466978527913,0.006374511346422114
CG13248,13.302462419568513,1.4467980236334643,0.0065501763166485785
CG17633,9.083303558846906,1.8000853797330267,0.006594935070556427
CG30203,1.8224574455287301,4.549281501983494,0.006655521822313242
CG9657,2.867631015394222,4.196839304892451,0.0067062322960192355
Eip63F-1,10.82049405153341,1.670475196598541,0.00685618858859144
CG42807,5.569394202494739,3.4662089133400786,0.007376518735698045
CG43646,6.26065219483879,2.357816600973548,0.007491662703158691
Mur89F,7.406164404802252,2.6397792689974025,0.007629951324679894
CG14204,7.318880195573216,3.452830569778712,0.007975380600355934
FipoQ,2.0779871572776942,4.677343806923697,0.00799826920694225
ovo,8.095141420273666,1.9863894821287642,0.008031596537130283
Ppm1,18.617832023453357,1.2569216493761108,0.008345381903238556
Eaat2,2.231043622569355,4.512416237086906,0.008650230198886485
CG6356,10.116209835375408,1.5546779050473845,0.009201826155123867
CG10970,7.060313320991019,2.10070332100573,0.009658486541240323
CG11381,3.9521077184174094,3.4549668658279113,0.009660240743567791
nub,2.874849544453734,3.981893253105553,0.0097048997398755
klu,5.854095572493562,2.2974252527687242,0.009885188887973163
CG8738,1.9541611277953082,4.3832371983117575,0.009887576147884256
PIP5K59B,5.314751041715747,2.4291940384179145,0.00989054775956195
CG10283,8.679375498126465,1.7707747828692066,0.010029076604624555
GstD2,22.74067682160783,1.0633260835654759,0.0100445063567173
ogre,20.337020144305225,1.2455707100399664,0.010239020508337476
Cby,11.294735233032098,1.6153355591154201,0.010337351661024004
nord,2.591062546475878,4.086059064543505,0.010788203135574395
CG7059,19.8488103713845,1.0982235125395263,0.010969042719164754
CG14439,3.791631062864185,3.4301244803605346,0.011228528630443277
CG30285,19.452402384704822,1.1046193719896094,0.011277621039290307
Syt1,7.503950037529633,2.2168422566445387,0.011692399280071977
tutl,17.678898484931487,1.2807462365093658,0.011785173795307935
CG15044,6.329273308065942,2.387257696313428,0.011785173795307935
nec,2.8789571142887507,4.270149625502963,0.012480295454009596
Cpr49Ac,5.826165073539198,2.0930902943285,0.012573348687750851
5-HT7,3.1184214879972942,3.4760980918102207,0.01318856873927571
CG1090,4.070960767956004,3.332734157611476,0.01321336585842147
CG1299,10.995155674910482,1.715141833295607,0.01321336585842147
CG31183,3.4540903922551904,3.4836928471196735,0.013919633183330128
CG17930,11.557658871938486,1.5151206394533308,0.014038453019414966
CngA,7.113141419441654,2.2339514191462535,0.01405523556757807
CG32572,2.0447110186139055,4.746942529910413,0.014163989171580172
CG1537,19.298311999914212,1.1317941418428128,0.014232018643438215
CG13707,12.969479265567703,1.419269873981842,0.014415967042542116
Sobp,4.558176211403034,2.528426766678714,0.014563022041813003
dy,5.790213103272578,2.079057318471731,0.014958212041773654
CG34138,4.486010024277981,2.7959565345676247,0.015040169648023757
CG30148,4.445307297946165,2.79950714791163,0.015117312499595276
CG4613,6.843235714715631,2.2309562795451914,0.015923099260160525
cac,10.27575295868067,1.700063869174876,0.01608428885855161
dec-1,1.480874306875308,4.3990350963990705,0.01610949751747496
CG14325,1.8439147482093061,4.083360080995713,0.016260660657968898
CG33288,2.6761542312766577,3.7691808195971377,0.01659720481592483
Msr-110,2.4895490130488724,3.7826741181525274,0.016823250294745216
CG6405,13.968709648341166,1.2391701660073104,0.017590890385810964
CG13924,13.3797398325664,1.2877553519357474,0.018311435761659597
mmd,2.1088947180537128,3.845713319276655,0.01861766468928635
CG42714,13.655424511661261,1.4892147966036027,0.01861766468928635
CG18281,18.779758642965664,1.003754201760709,0.01875520083137151
DIP-epsilon,13.73158776082117,1.58535448978784,0.01924131104396173
CG4133,28.55441267549952,1.063751024098989,0.01961962616616579
Ptr,7.543404917689599,1.676398866330671,0.020483615520788534
CG14636,12.774256937244791,1.302471391601741,0.02058301046587099
CG31808,12.03775125001314,1.38588658982434,0.020733330118575664
CG8665,6.422277952922687,1.7488412805648732,0.020833069953838105
CG31769,6.027435267823905,1.916348072377838,0.020952401480511494
bru2,9.627177028601865,1.626641998786677,0.021269209364712043
CG17028,4.463972196878877,3.089612045023674,0.02151270615951077
nAChRalpha3,5.283433168136947,2.0532024705174936,0.021664439018976116
CG10562,7.398368582188287,3.101050002592751,0.021681880231148237
CG33109,2.548430638809493,3.6701918737957584,0.02196024013071307
CG9701,1.7822625154905527,4.128130968366752,0.022523673816589186
zyd,4.3379765764223155,2.329146116753615,0.022642123628958746
CG9451,2.4305451711361163,3.8869003465802328,0.022715311772563602
CG30060,3.72852499326798,2.455453870817582,0.023187317691096037
Cep89,1.3255225362791128,4.097632969519856,0.023200919457529365
Mur29B,3.9000895038090317,2.5333562312316285,0.024492598728217654
ltl,6.1955326206622114,1.8733098009464062,0.024543950544878956
jp,3.3650282223565964,3.2151795333064626,0.02581706862819618
tim,5.267904274310399,2.163753758833843,0.02585609457731614
CG15128,3.5914190140109374,2.650981598793173,0.02647801704367443
Act57B,18.326490145398566,1.2921925606246276,0.026613119983493257
l(2)41Ab,21.82750011484298,1.0276808678280065,0.027138560698295115
CG13403,1.2663465189901153,4.0425437869934875,0.02720470543909496
CG9498,2.0640261692056,3.7679233901293125,0.02739314563666859
Dh31-R,1.936388372146173,3.7534168634112106,0.027569843567483255
CG13708,2.2642554712385143,3.6882846081951715,0.02760134915635497
CG5321,4.856275818808047,2.1766898484298185,0.02761750529495324
CG33462,2.7946247841425933,3.4835740884116624,0.027623539778305967
CG14401,4.402051077243095,2.1457342415713305,0.027643997183761773
Gad1,8.40417859737545,1.5532619566936061,0.027718107412568974
CG9616,2.8123264221579216,3.5539294669476305,0.029743255265068096
CG43235,1.4662342482035706,3.8754906996475285,0.030233530121033195
CG10570,2.945495994369243,3.1377069060009486,0.0305753373392825
CG42502,2.945495994369243,3.1377069060009486,0.0305753373392825
CG9336,3.1907969211979204,3.1806729366473534,0.030617363638481124
Cluap1,7.210656645329312,1.8142731291972385,0.030748599508801364
CG17716,11.968281328501128,1.2126890568494548,0.030886379358051566
ab,4.501126842719366,2.310530445335709,0.031359810213040684
CG5011,3.6965321782881135,2.589584157133986,0.0314081383501503
d,3.658349338621591,2.5631691589056205,0.03295665874417263
Alp4,3.8016560968113837,2.287707871827665,0.03321701711942303
CG3270,13.43199042392818,1.138936937385796,0.033541360727519356
Or33a,1.6346914525799874,3.7741608884513047,0.033895191045895154
Ugt304A1,1.297992642599306,3.926372677289738,0.0343172541605414
CG17707,2.3133931271514316,3.517961283542614,0.03491204951103351
stl,3.74885396314222,2.268524970671291,0.03537403319887618
Zip71B,6.115714367668114,2.7938219421868182,0.036191438081749294
psd,1.4301441406180726,3.948120382644788,0.037012270654322034
CG4998,5.4895778296384865,1.936026244767413,0.037415146464344386
CG17177,1.422289467350812,3.7753917374025874,0.03780118712001007
clumsy,6.114370986745577,1.723954088950771,0.03988934137163651
ple,6.339103853209368,1.6752530616499821,0.039963246207703355
CG4991,7.109674240162667,1.4774383469686483,0.041250016849852175
CG42260,6.590864472298716,1.5590046748193145,0.0416834266858834
Cyp317a1,2.325971466397195,3.341355252403677,0.041871728069294685
jdp,5.423381671629101,1.8042889943222247,0.04240240880117408
Cyp4aa1,5.080474886314083,1.800454081063087,0.04274323752730929
Zmynd10,8.729568239891675,1.2972314810002268,0.043678492748767304
CG2983,1.5315055152186141,3.835372674487309,0.046033582028861854
CG13992,3.019680883285679,2.8996177765007003,0.04673924913150803
CG32679,6.39425019905244,1.7780434667332627,0.046960371045239986
grh,1.5750724484175187,3.823489917504873,0.047156100123400796
CG11241,12.19294382348394,1.094841602838474,0.04717598704146217
eys,5.584252063757134,1.9206641996983578,0.047188739379105324
Ggt-1,8.796790565351639,1.4338990063225274,0.047489092187252106
CG43693,5.169293545913689,1.7595270910770502,0.04804266147664418
CG6723,1.8123751946343722,3.343543884587053,0.04822110228164077
CG14605,1.183838378089257,3.74813758652857,0.04890437289594076
CG43755,1.162061113207629,4.008852294484805,0.04895124498235392
CG13813,13.10182609330805,1.1854859709232173,0.04921663154722058
Muc18B,1.7640242987083312,3.3857726712772305,0.04934136181767698
CG43774,1.2314676532480389,3.682941017798068,0.0495256710251934
santa-maria,3.5875652957776722,2.4595656087189273,0.04955515655572884
CG11069,1.806136012932484,3.3478596801371383,0.04964439722075276
GstE1,7.126340565225294,1.6954079961438617,0.04964439722075276
